Date,Adani enterprises_Open,Adani enterprises_High,Adani enterprises_Low,Adani enterprises_Close,Adani enterprises_Adj Close,Adani enterprises_Volume,D-mart_Open,D-mart_High,D-mart_Low,D-mart_Close,D-mart_Adj Close,D-mart_Volume,,,,,,,,,,,,,,,
18-02-2022,1739,1754.6,1725,1736.3,1735.56,945100,4098,4121,4056.05,4073.1,4073.1,169496,,,,,,,,,,,,,,,
21-02-2022,1738.800049,1738.8,1671.3,1685.2,1684.48,1449291,4048,4170,3990,4096.6,4096.6,480541,,,,,,,,,,,,,,,
22-02-2022,1636.099976,1678.9,1630,1667.7,1666.99,1717579,4001,4179,3990,4157.1,4157.1,484781,,,,,,,,,,,,,,,
23-02-2022,1682,1717.5,1670,1688.7,1687.98,1285012,4165,4217.7,4135,4193.45,4193.45,360454,,,,,,,,,,,,,,,
24-02-2022,1626,1648.6,1528.8,1543.95,1543.29,2798065,3993.85,4131.95,3947.85,4014.65,4014.65,552288,,,,,,,,,,,,,,,
25-02-2022,1594,1638.1,1578.8,1618.7,1618.01,1741584,4080,4210,4037.65,4190.75,4190.75,425226,,,,,,,,,,,,,,,
28-02-2022,1603.75,1651.1,1592.25,1644.45,1643.75,1869037,4155,4355,4062.1,4340.35,4340.35,647569,,,,,,,,,,,,,,,
02-03-2022,1638,1664.25,1615.5,1641.8,1641.1,1249817,4299.95,4446.95,4270,4295.15,4295.15,479507,,,,,,,,,,,,,,,
03-03-2022,1670,1678.2,1634.95,1643.8,1643.1,1333325,4370,4395,4253.9,4276.5,4276.5,303425,,,,,,,,,,,,,,,
04-03-2022,1621.800049,1655.5,1601.2,1615,1614.31,1433490,4260.2,4260.2,4075.05,4110.2,4110.2,437691,,,,,,,,,,,,,,,
07-03-2022,1590,1592,1539.3,1564.05,1563.39,1508821,4001,4175,3970.8,3991.65,3991.65,694633,,,,,,,,,,,,,,,
08-03-2022,1574.900024,1607.4,1553.4,1601.6,1600.92,1396347,4016,4160,3992.4,4124,4124,713004,,,,,,,,,,,,,,,
09-03-2022,1609.599976,1669.95,1608,1656.55,1655.85,1498176,4155,4172.9,4071.1,4096.7,4096.7,395071,,,,,,,,,,,,,,,
10-03-2022,1682,1749.6,1678.25,1742.85,1742.11,2294474,4210,4239.9,4142.3,4168.6,4168.6,439778,,,,,,,,,,,,,,,
11-03-2022,1750,1757,1721.2,1734.1,1733.36,1354129,4167,4210,4109.25,4198.95,4198.95,387534,,,,,,,,,,,,,,,
14-03-2022,1732,1752.45,1722.45,1736.1,1735.36,659190,4190,4218,4150,4168.25,4168.25,305326,,,,,,,,,,,,,,,
15-03-2022,1740,1754.2,1686.65,1701.4,1700.68,1085901,4191,4251,4171.75,4231.05,4231.05,560819,,,,,,,,,,,,,,,
16-03-2022,1724,1764,1718.65,1758,1757.25,1269866,4229.75,4243.6,4153,4169.55,4169.55,470355,,,,,,,,,,,,,,,
17-03-2022,1775.599976,1823.6,1760,1819.65,1818.88,2392329,4218,4239,4166.1,4192.75,4192.75,608024,,,,,,,,,,,,,,,
21-03-2022,1836.050049,1841.9,1796.15,1802.95,1802.18,1081052,4217,4217,4080.6,4095.2,4095.2,370641,,,,,,,,,,,,,,,
22-03-2022,1802.949951,1837,1790,1831.55,1830.77,964066,4129,4129,4031,4054,4054,396898,,,,,,,,,,,,,,,
23-03-2022,1848.050049,1848.05,1800.85,1811,1810.23,1553366,4085.7,4119,4064.6,4091.35,4091.35,285639,,,,,,,,,,,,,,,
24-03-2022,1815,1839.55,1800.15,1832.8,1832.02,1030145,4086.25,4086.25,4031.55,4042.85,4042.85,374573,,,,,,,,,,,,,,,
25-03-2022,1835.550049,1878,1822,1867,1866.21,1366115,4069,4069,3995,4001.3,4001.3,440558,,,,,,,,,,,,,,,
28-03-2022,1876.900024,1924.4,1851.05,1909.7,1908.89,1895438,4005.15,4021,3975.05,4010.05,4010.05,428027,,,,,,,,,,,,,,,
29-03-2022,1919.25,1930.9,1885.5,1917.25,1916.44,1715098,4010.05,4037.8,3985,4006.1,4006.1,397614,,,,,,,,,,,,,,,
30-03-2022,1927.699951,2015,1917.3,1995.25,1994.4,3215951,4025,4084,3945,3973.4,3973.4,580732,,,,,,,,,,,,,,,
31-03-2022,2005,2042,1991,2014.75,2013.89,2786973,4028,4040,3983.05,4003.35,4003.35,492437,,,,,,,,,,,,,,,
01-04-2022,2018,2049,2013.05,2043.65,2042.78,1267111,4013,4093,4000,4082.2,4082.2,416596,,,,,,,,,,,,,,,
04-04-2022,2050,2075.5,2032,2065.85,2064.97,1334265,4120,4150,4076.15,4106.65,4106.65,438581,,,,,,,,,,,,,,,
05-04-2022,2078,2189.8,2067.6,2139.85,2138.94,4970260,4138.75,4148,4100,4109.7,4109.7,277248,,,,,,,,,,,,,,,
06-04-2022,2153.75,2182.85,2124.2,2160,2159.08,2259018,4090,4139.8,4085.6,4101.9,4101.9,218183,,,,,,,,,,,,,,,
07-04-2022,2165.949951,2214.95,2081.25,2099.05,2098.16,3499044,4099.9,4244,4092,4159.7,4159.7,979784,,,,,,,,,,,,,,,
08-04-2022,2115,2176,2105.25,2170.95,2170.03,1924054,4165,4208,4118,4146.25,4146.25,358035,,,,,,,,,,,,,,,
11-04-2022,2181.850098,2200,2158.5,2180.2,2179.27,1615715,4136.8,4200,4130.05,4171.6,4171.6,202944,,,,,,,,,,,,,,,
12-04-2022,2188,2219,2155,2196.95,2196.02,2632324,4174.95,4174.95,4075,4088.7,4088.7,228548,,,,,,,,,,,,,,,
13-04-2022,2210,2217.15,2173.45,2199.45,2198.52,992512,4101,4117.95,4081.7,4090.9,4090.9,157516,,,,,,,,,,,,,,,
18-04-2022,2179.800049,2240,2156.75,2233.85,2232.9,1747434,4065,4079,4009,4056,4056,193904,,,,,,,,,,,,,,,
19-04-2022,2245,2255,2140.1,2168.3,2167.38,1639219,4089.9,4131.9,3975,4008.9,4008.9,222195,,,,,,,,,,,,,,,
20-04-2022,2178,2207.95,2161.9,2183.95,2183.02,1119025,4026,4065,4000,4054.8,4054.8,222817,,,,,,,,,,,,,,,
21-04-2022,2216,2293.55,2203.9,2286.35,2285.38,2243636,4075,4080,4015,4030.25,4030.25,209196,,,,,,,,,,,,,,,
22-04-2022,2297,2306,2265,2273.3,2272.33,1786042,4028.65,4060.05,3995.75,4028.85,4028.85,210640,,,,,,,,,,,,,,,
25-04-2022,2259.949951,2295,2242.6,2284.2,2283.23,1683622,4000,4022.35,3975.05,3989.2,3989.2,204726,,,,,,,,,,,,,,,
26-04-2022,2297,2413.9,2295.1,2395.3,2394.28,3199358,4009.8,4050,3994.4,4044.25,4044.25,198101,,,,,,,,,,,,,,,
27-04-2022,2404.949951,2420.95,2325,2334.1,2333.11,2559876,4006.1,4024.35,3960,3977.7,3977.7,169916,,,,,,,,,,,,,,,
28-04-2022,2359.850098,2389.9,2336.3,2378.55,2377.54,1679893,4023.9,4054,3995.55,4024.55,4024.55,247751,,,,,,,,,,,,,,,
29-04-2022,2389,2394.15,2301.5,2332,2331.01,1916180,4048.9,4085,3906,3944.25,3944.25,238651,,,,,,,,,,,,,,,
02-05-2022,2325,2362.3,2311,2339.5,2338.51,1006544,3939.6,3997.8,3889,3983.35,3983.35,265831,,,,,,,,,,,,,,,
04-05-2022,2358.699951,2362.9,2233.05,2253.8,2252.84,1744686,4000,4023.95,3850.2,3867.15,3867.15,270400,,,,,,,,,,,,,,,
05-05-2022,2270,2303.8,2236,2255.4,2254.44,1636796,3920,3980,3775,3943.8,3943.8,457770,,,,,,,,,,,,,,,
06-05-2022,2210,2262,2200,2247.7,2246.74,1161579,3866,3889.65,3602.15,3666.2,3666.2,858787,,,,,,,,,,,,,,,
09-05-2022,2229.5,2244.2,2180,2197.65,2196.72,1450886,3655,3655,3486,3520.3,3520.3,732787,,,,,,,,,,,,,,,
10-05-2022,2190,2220,2097.5,2109.5,2108.6,1471866,3501,3545.25,3402.15,3414.95,3414.95,696666,,,,,,,,,,,,,,,
11-05-2022,2109.600098,2157.75,2077,2119.3,2118.4,1397917,3448,3448,3311.7,3339.7,3339.7,689554,,,,,,,,,,,,,,,
12-05-2022,2103,2113.6,2011.05,2045.2,2044.33,1553685,3310,3334.95,3241.25,3270.45,3270.45,725552,,,,,,,,,,,,,,,
13-05-2022,2084.5,2135,2035.3,2054.15,2053.28,1547617,3351,3357.75,3205,3230.6,3230.6,546754,,,,,,,,,,,,,,,
16-05-2022,2082.649902,2141.95,2057.65,2105.9,2105.01,1742552,3260,3620,3186,3561.1,3561.1,1871384,,,,,,,,,,,,,,,
17-05-2022,2133.050049,2192.25,2119.4,2184.85,2183.92,1061085,3620,3724,3473.45,3657,3657,926148,,,,,,,,,,,,,,,
18-05-2022,2199.699951,2216.9,2172,2181.1,2180.17,1296983,3700,3781,3650,3664.05,3664.05,712472,,,,,,,,,,,,,,,
19-05-2022,2145,2154.75,2097.6,2114.75,2113.85,986930,3513,3649,3491.5,3614.85,3614.85,439658,,,,,,,,,,,,,,,
20-05-2022,2159,2232.4,2151,2219.55,2218.61,1444803,3708.9,3717.2,3610,3630.4,3630.4,334172,,,,,,,,,,,,,,,
23-05-2022,2231.75,2245,2155.65,2170.65,2169.73,1455450,3650,3694.5,3552.05,3574.1,3574.1,258246,,,,,,,,,,,,,,,
24-05-2022,2161,2178.9,2142.55,2160.2,2159.28,1008943,3579.95,3685,3571.2,3656.75,3656.75,391193,,,,,,,,,,,,,,,
25-05-2022,2168,2181.45,2066.2,2074.15,2073.27,1382448,3670,3694,3555.65,3586.45,3586.45,224375,,,,,,,,,,,,,,,
26-05-2022,2077,2088,1906.2,2046.4,2045.53,4967514,3586.45,3635.7,3465.3,3577.45,3577.45,279250,,,,,,,,,,,,,,,
27-05-2022,2080,2094.3,2047.7,2080.15,2079.27,1354005,3605,3649,3586,3613.85,3613.85,199688,,,,,,,,,,,,,,,
30-05-2022,2120,2175,2102,2165.65,2164.73,1384584,3660,3824.9,3645,3796.4,3796.4,429986,,,,,,,,,,,,,,,
31-05-2022,2160,2225.8,2150.4,2167.55,2166.63,2861556,3807.75,4049,3767.9,3972.8,3972.8,1335568,,,,,,,,,,,,,,,
01-06-2022,2169.949951,2189.3,2126,2150.9,2149.99,1448212,3960,4039,3812.55,3874.05,3874.05,620365,,,,,,,,,,,,,,,
02-06-2022,2155,2218,2142.3,2209.4,2208.46,1855167,3885,3927.55,3831.1,3856.9,3856.9,302036,,,,,,,,,,,,,,,
03-06-2022,2235,2242.25,2176.05,2190,2189.07,1651685,3888,3888.4,3768,3820.1,3820.1,349881,,,,,,,,,,,,,,,
06-06-2022,2188.5,2230,2168.2,2225.05,2224.1,1664487,3800,3800,3675,3734.75,3734.75,295307,,,,,,,,,,,,,,,
07-06-2022,2210,2254.7,2207.05,2227.55,2226.6,2046676,3704,3778.8,3652.05,3726.7,3726.7,301552,,,,,,,,,,,,,,,
08-06-2022,2244.949951,2244.95,2158.55,2177.2,2176.27,1530739,3765,3771,3700,3739.4,3739.4,250665,,,,,,,,,,,,,,,
09-06-2022,2160.300049,2224,2155,2219.2,2218.26,1440385,3729.9,3850,3686.4,3830.35,3830.35,445083,,,,,,,,,,,,,,,
10-06-2022,2190,2215,2171,2203.1,2202.16,1305761,3790,3838,3735.1,3755.65,3755.65,235985,,,,,,,,,,,,,,,
13-06-2022,2172.5,2172.5,2066.75,2079.75,2078.87,1764172,3700,3743.6,3644.4,3661.6,3661.6,252912,,,,,,,,,,,,,,,
14-06-2022,2274,2274,2053.1,2196.45,2195.52,6515102,3628,3712.7,3552.25,3648.3,3648.3,424143,,,,,,,,,,,,,,,
15-06-2022,2218.399902,2219.7,2174.2,2184.6,2183.67,1313510,3669.9,3743.95,3645.35,3662.9,3662.9,274604,,,,,,,,,,,,,,,
16-06-2022,2205,2217.3,2076.05,2083,2082.11,2131789,3736,3737.9,3562,3682.6,3682.6,408563,,,,,,,,,,,,,,,
17-06-2022,2062,2137.4,2060.15,2095.8,2094.91,2280135,3670,3673.85,3413.7,3460.55,3460.55,1104855,,,,,,,,,,,,,,,
20-06-2022,2107.300049,2123.3,2025,2079.85,2078.97,2603594,3493.45,3536.7,3460.55,3479.1,3479.1,222230,,,,,,,,,,,,,,,
21-06-2022,2100,2177,2091.65,2161.8,2160.88,1331500,3520,3545,3450,3519.55,3519.55,340688,,,,,,,,,,,,,,,
22-06-2022,2149.949951,2149.95,2077.1,2089.2,2088.31,1774137,3524.45,3524.45,3466.05,3486.35,3486.35,197297,,,,,,,,,,,,,,,
23-06-2022,2105,2128,2080,2110.35,2109.45,1026783,3487.75,3502.65,3401,3440.45,3440.45,355857,,,,,,,,,,,,,,,
24-06-2022,2121,2168,2108.6,2161.45,2160.53,1156536,3489.95,3489.95,3390.1,3412,3412,454591,,,,,,,,,,,,,,,
27-06-2022,2189,2211,2169.35,2181.6,2180.67,1202504,3460,3460,3400,3408.6,3408.6,276838,,,,,,,,,,,,,,,
28-06-2022,2170,2210.25,2160,2204.6,2203.66,1282047,3407.55,3497,3374,3479.95,3479.95,440886,,,,,,,,,,,,,,,
29-06-2022,2185,2247.8,2177.2,2220.1,2219.16,1692493,3450.45,3527,3425,3445.25,3445.25,405633,,,,,,,,,,,,,,,
30-06-2022,2220,2248.5,2180.5,2190.9,2189.97,1568415,3445.2,3469,3370,3406.1,3406.1,384404,,,,,,,,,,,,,,,
01-07-2022,2189.899902,2242,2138.25,2232.2,2231.25,2141743,3394.45,3406.65,3331.1,3388.75,3388.75,311228,,,,,,,,,,,,,,,
04-07-2022,2232.199951,2277,2228.35,2261.85,2260.89,1581159,3530,3555,3460,3495.5,3495.5,766616,,,,,,,,,,,,,,,
05-07-2022,2264,2290.7,2238,2246.45,2245.5,1356776,3506,3657.65,3506,3639.05,3639.05,859254,,,,,,,,,,,,,,,
06-07-2022,2245,2277,2236.5,2272.85,2271.88,1045463,3650,3830,3650,3792,3792,751853,,,,,,,,,,,,,,,
07-07-2022,2280,2294.95,2256,2274.3,2273.33,946131,3870,3935.6,3830,3850.95,3850.95,463192,,,,,,,,,,,,,,,
08-07-2022,2286,2303.6,2263.9,2293.05,2292.08,898576,3868.4,3974,3851.1,3941.7,3941.7,568785,,,,,,,,,,,,,,,
11-07-2022,2293.050049,2384.6,2291.05,2373.25,2372.24,1967308,4000,4087.85,3892,3986.85,3986.85,2331905,,,,,,,,,,,,,,,
12-07-2022,2364.399902,2389.8,2350.15,2365.65,2364.64,1273008,3986.5,3986.85,3855,3878.4,3878.4,569128,,,,,,,,,,,,,,,
13-07-2022,2373.5,2384.65,2333.7,2353.5,2352.5,982185,3900,3944,3870,3883.35,3883.35,423704,,,,,,,,,,,,,,,
14-07-2022,2365,2404,2336.5,2383.1,2383.1,933554,3913.9,3944,3884,3924.85,3924.85,372526,,,,,,,,,,,,,,,
15-07-2022,2414.5,2422.95,2377,2405.25,2405.25,1169788,3925,3939.9,3888,3926.8,3926.8,194371,,,,,,,,,,,,,,,
18-07-2022,2424,2441.85,2406.05,2423.6,2423.6,937204,3951,3968,3920,3945.75,3945.75,287481,,,,,,,,,,,,,,,
19-07-2022,2406.949951,2459.3,2405,2451.3,2451.3,843301,3911,3942,3911,3931.3,3931.3,169004,,,,,,,,,,,,,,,
20-07-2022,2462,2472.8,2444,2451.1,2451.1,693601,3960,3965,3902,3915.45,3915.45,251615,,,,,,,,,,,,,,,
21-07-2022,2453.800049,2498.95,2451.25,2495.5,2495.5,1314165,3930,4059,3920.05,4035.35,4035.35,587934,,,,,,,,,,,,,,,
22-07-2022,2505.5,2514.05,2483.1,2499.4,2499.4,833522,4070,4077.9,3950,3963.4,3963.4,457904,,,,,,,,,,,,,,,
25-07-2022,2505,2562.15,2500,2550.6,2550.6,1220351,3973,4050,3935,4040.05,4040.05,444451,,,,,,,,,,,,,,,
26-07-2022,2555,2568.6,2533,2559.7,2559.7,865142,4038,4038,3909,3932.4,3932.4,430993,,,,,,,,,,,,,,,
27-07-2022,2560,2572.5,2528,2548.7,2548.7,953588,3940,4010,3920,4000.95,4000.95,245970,,,,,,,,,,,,,,,
28-07-2022,2559.899902,2565.65,2531.6,2550.4,2550.4,759442,4020,4164,4001,4147.8,4147.8,725281,,,,,,,,,,,,,,,
29-07-2022,2565,2622,2560,2569.2,2569.2,1107195,4215,4250,4183.45,4243.85,4243.85,514745,,,,,,,,,,,,,,,
01-08-2022,2575.850098,2669.4,2569.2,2660.15,2660.15,1267039,4251.95,4317,4246.5,4307.65,4307.65,399725,,,,,,,,,,,,,,,
02-08-2022,2660,2697,2640,2683.65,2683.65,1096480,4306,4306,4235.05,4259.1,4259.1,311279,,,,,,,,,,,,,,,
03-08-2022,2685,2717,2671.2,2711.4,2711.4,815831,4251,4298,4180.1,4253.15,4253.15,289000,,,,,,,,,,,,,,,
04-08-2022,2725,2743.9,2684.25,2723.6,2723.6,1223799,4268,4314.9,4175,4239.1,4239.1,593274,,,,,,,,,,,,,,,
05-08-2022,2760,2767.65,2685,2698.4,2698.4,1639981,4238,4295,4187.15,4232.25,4232.25,528876,,,,,,,,,,,,,,,
08-08-2022,2700,2807.65,2695.65,2791.9,2791.9,1581696,4237.4,4267.4,4233,4250.05,4250.05,200014,,,,,,,,,,,,,,,
10-08-2022,2801.75,2834.9,2781.55,2827.2,2827.2,1304663,4250.05,4278.95,4219.85,4250.7,4250.7,238239,,,,,,,,,,,,,,,
11-08-2022,2841,2848.4,2815.1,2834.05,2834.05,978616,4280,4295,4260,4274.85,4274.85,246094,,,,,,,,,,,,,,,
12-08-2022,2840,2871.15,2834.05,2864.55,2864.55,843025,4274.85,4387,4255,4336.7,4336.7,448303,,,,,,,,,,,,,,,
16-08-2022,2879,2986,2871,2975.85,2975.85,1969492,4355,4412,4350.55,4402.1,4402.1,290414,,,,,,,,,,,,,,,
17-08-2022,2986,3028.55,2980,3008.65,3008.65,1510171,4422,4438,4370,4398.65,4398.65,316826,,,,,,,,,,,,,,,
18-08-2022,3005,3186,3004,3153.65,3153.65,3502295,4425,4493.1,4401.05,4460.95,4460.95,468551,,,,,,,,,,,,,,,
19-08-2022,3178,3258.9,3075.25,3130.2,3130.2,6109949,4487,4523.5,4352.75,4382,4382,437762,,,,,,,,,,,,,,,
22-08-2022,3134,3191.8,3029.2,3051.6,3051.6,3473580,4371,4371,4231,4250.75,4250.75,330916,,,,,,,,,,,,,,,
23-08-2022,3032.649902,3074,2927.4,3030.65,3030.65,4169136,4195,4301,4170.55,4256.95,4256.95,285843,,,,,,,,,,,,,,,
24-08-2022,3038,3153,2986,3134.65,3134.65,3475387,4269,4356,4266,4304.25,4304.25,270843,,,,,,,,,,,,,,,
25-08-2022,3167,3177.8,3055.7,3066.35,3066.35,3119494,4339.9,4394,4312.05,4341.25,4341.25,246543,,,,,,,,,,,,,,,
26-08-2022,3080,3172.95,3078,3139.55,3139.55,2897602,4384,4414.5,4370.05,4409.65,4409.65,202948,,,,,,,,,,,,,,,
29-08-2022,3055,3166.45,3037.85,3142.6,3142.6,1924984,4270,4450,4270,4431.55,4431.55,352554,,,,,,,,,,,,,,,
30-08-2022,3165,3263.1,3161,3194.35,3194.35,4392183,4475,4550,4460.3,4531.35,4531.35,426171,,,,,,,,,,,,,,,
01-09-2022,3200,3245,3184.4,3233.25,3233.25,1880363,4494,4599.4,4462,4565.85,4565.85,431835,,,,,,,,,,,,,,,
02-09-2022,3261,3369.4,3225,3355.8,3355.8,4835905,4572.9,4609,4511,4576.8,4576.8,268702,,,,,,,,,,,,,,,
05-09-2022,3374.100098,3431.8,3313,3346.55,3346.55,3686950,4584.8,4606.15,4550,4577.45,4577.45,216543,,,,,,,,,,,,,,,
06-09-2022,3370,3447.6,3355,3435.8,3435.8,2580772,4599,4603.95,4531,4557.1,4557.1,258981,,,,,,,,,,,,,,,
07-09-2022,3435.800049,3487.95,3406.1,3473.75,3473.75,2188110,4532,4548,4402.3,4426.3,4426.3,322460,,,,,,,,,,,,,,,
08-09-2022,3499,3501.5,3450,3462.8,3462.8,1560414,4499,4499,4390,4406.05,4406.05,214781,,,,,,,,,,,,,,,
09-09-2022,3479,3507.95,3415.15,3451.2,3451.2,1614634,4448.55,4448.55,4370,4386.1,4386.1,210596,,,,,,,,,,,,,,,
12-09-2022,3465,3495.5,3457.9,3463.8,3463.8,1647756,4440,4475,4400,4443.95,4443.95,252381,,,,,,,,,,,,,,,
13-09-2022,3478,3568.9,3421.3,3555.8,3555.8,3479669,4470,4510,4447.8,4493.25,4493.25,293076,,,,,,,,,,,,,,,
14-09-2022,3518,3608,3511,3572.1,3572.1,2740337,4450,4518,4426.15,4478.25,4478.25,268511,,,,,,,,,,,,,,,
15-09-2022,3590,3767.95,3575,3748.7,3748.7,4716688,4499,4539,4475,4525.85,4525.85,221683,,,,,,,,,,,,,,,
16-09-2022,3755,3866.95,3614.6,3702.2,3702.2,5687429,4528.9,4550,4285.4,4327.55,4327.55,584163,,,,,,,,,,,,,,,
19-09-2022,3718.949951,3801.95,3680.75,3778.65,3778.65,3092486,4340,4417.2,4271.25,4348,4348,235756,,,,,,,,,,,,,,,
20-09-2022,3819,3885,3812,3834.55,3834.55,3338704,4401.1,4412,4330,4349.3,4349.3,203661,,,,,,,,,,,,,,,
21-09-2022,3837.649902,3862.8,3571.25,3640.1,3640.1,6089846,4349,4394.95,4292.05,4308.7,4308.7,223827,,,,,,,,,,,,,,,
22-09-2022,3639,3735.95,3608.05,3716.3,3716.3,3490772,4288.75,4440.6,4257,4431.7,4431.7,465230,,,,,,,,,,,,,,,
23-09-2022,3732,3737.9,3655,3674.3,3674.3,3001474,4450,4469.9,4351,4367,4367,241647,,,,,,,,,,,,,,,
26-09-2022,3646.300049,3658,3532,3586.2,3586.2,3123908,4323,4448,4261,4375.3,4375.3,403076,,,,,,,,,,,,,,,
27-09-2022,3596,3629.55,3485.85,3559.1,3559.1,3546332,4375.3,4417.5,4270,4283.2,4283.2,237462,,,,,,,,,,,,,,,
28-09-2022,3528,3596.95,3503,3548.75,3548.75,2259832,4249,4367.95,4240,4318.15,4318.15,352261,,,,,,,,,,,,,,,
29-09-2022,3583.5,3664.75,3443.6,3470.7,3470.7,15060223,4365,4416.95,4220.1,4240.55,4240.55,518364,,,,,,,,,,,,,,,
30-09-2022,3447.949951,3523.8,3371.1,3455.75,3455.75,4307707,4270,4400,4251.2,4386.55,4386.55,352698,,,,,,,,,,,,,,,
03-10-2022,3440,3460.05,3110.2,3157.3,3157.3,7578847,4399,4465.85,4389.8,4443.75,4443.75,296102,,,,,,,,,,,,,,,
04-10-2022,3230,3291.2,3125,3237.7,3237.7,5642467,4600,4600,4460.55,4479.55,4479.55,605857,,,,,,,,,,,,,,,
06-10-2022,3270,3318.8,3208.05,3285,3285,2845165,4540,4540,4400,4413.85,4413.85,326251,,,,,,,,,,,,,,,
07-10-2022,3280,3310.95,3228.15,3277.6,3277.6,1930275,4435.95,4482,4411.25,4471.45,4471.45,213203,,,,,,,,,,,,,,,
10-10-2022,3234,3278.75,3214.35,3246.25,3246.25,1590792,4440.1,4495,4406.05,4471.75,4471.75,183914,,,,,,,,,,,,,,,
11-10-2022,3257.550049,3338,3249,3273.95,3273.95,2544394,4485,4486,4358.5,4381.1,4381.1,268072,,,,,,,,,,,,,,,
12-10-2022,3297,3297,3145,3223.65,3223.65,2972601,4398.75,4429,4330,4352.9,4352.9,207335,,,,,,,,,,,,,,,
13-10-2022,3218,3262.8,3189,3233.65,3233.65,1840193,4366,4366,4300.1,4309.95,4309.95,171144,,,,,,,,,,,,,,,
14-10-2022,3272,3305,3194.85,3209.5,3209.5,1344415,4398.5,4399,4291.15,4306.15,4306.15,188039,,,,,,,,,,,,,,,
17-10-2022,3211,3235,3136.1,3212.6,3212.6,1985298,4283.95,4307.95,4140.05,4153.45,4153.45,950223,,,,,,,,,,,,,,,
18-10-2022,3249,3298,3226.1,3284.3,3284.3,1635079,4188,4189,4110,4139.35,4139.35,346218,,,,,,,,,,,,,,,
19-10-2022,3300,3310,3259.65,3277.25,3277.25,1396513,4168,4194.1,4139.35,4167.85,4167.85,266990,,,,,,,,,,,,,,,
20-10-2022,3260,3365,3245,3357.1,3357.1,2211287,4155,4233,4140.45,4226.25,4226.25,292757,,,,,,,,,,,,,,,
21-10-2022,3374.899902,3382,3287,3311.9,3311.9,1120790,4244,4249.75,4190.5,4215.55,4215.55,184554,,,,,,,,,,,,,,,
24-10-2022,3325,3340.1,3287.4,3309.8,3309.8,248249,4271.9,4273,4210,4229.95,4229.95,71402,,,,,,,,,,,,,,,
25-10-2022,3321.949951,3345,3294,3300.5,3300.5,879424,4221,4249.5,4165,4235.6,4235.6,160107,,,,,,,,,,,,,,,
27-10-2022,3319.850098,3355,3297,3325,3325,1106870,4248,4300,4217.3,4271.4,4271.4,301435,,,,,,,,,,,,,,,
28-10-2022,3322,3387.95,3297.65,3323.3,3323.3,1323334,4281.4,4320,4251.55,4307.35,4307.35,120314,,,,,,,,,,,,,,,
31-10-2022,3339.949951,3360,3326.1,3347.45,3347.45,575722,4316.5,4348,4290,4320.9,4320.9,186409,,,,,,,,,,,,,,,
01-11-2022,3361.899902,3607.45,3352,3575.7,3575.7,4393335,4329,4347.1,4232.55,4247.5,4247.5,249229,,,,,,,,,,,,,,,
02-11-2022,3580,3625.15,3526,3580.7,3580.7,2534755,4264.8,4268,4177,4193.65,4193.65,254614,,,,,,,,,,,,,,,
03-11-2022,3550,3614.7,3542.45,3590.4,3590.4,1275216,4180,4230,4165,4194.2,4194.2,153178,,,,,,,,,,,,,,,
04-11-2022,3642,3849.8,3566.75,3833.25,3833.25,6112097,4200,4207.95,4150,4167.35,4167.35,532072,,,,,,,,,,,,,,,
07-11-2022,3852.449951,4013.7,3820,3960.6,3960.6,5985652,4188.8,4214.1,4140.5,4173.5,4173.5,395435,,,,,,,,,,,,,,,
09-11-2022,3977,4048,3943.05,3997.2,3997.2,3732472,4199,4199,4118,4158.7,4158.7,361585,,,,,,,,,,,,,,,
10-11-2022,3995,4030,3962.15,3992.25,3992.25,2313795,4158.7,4175,4104.4,4138.85,4138.85,254477,,,,,,,,,,,,,,,
11-11-2022,4040,4048.95,3975.15,4008.85,4008.85,1476875,4159.55,4169,4117.05,4128.35,4128.35,214392,,,,,,,,,,,,,,,
14-11-2022,3999,4078,3990,4022.55,4022.55,1803092,4144.8,4144.8,4081.8,4098.35,4098.35,300509,,,,,,,,,,,,,,,
15-11-2022,4025.050049,4065,4022,4057.8,4057.8,1065546,4082,4109.8,4046,4053.8,4053.8,496893,,,,,,,,,,,,,,,
16-11-2022,4057.300049,4096,3863.55,3956.6,3956.6,3059841,4053.8,4059.95,4003.15,4011.7,4011.7,290474,,,,,,,,,,,,,,,
17-11-2022,3970,4033,3900,4018.15,4018.15,2266112,4000,4009.95,3940,3949.2,3949.2,365371,,,,,,,,,,,,,,,
18-11-2022,4028.350098,4043,3984,4019.8,4019.8,1440776,3968.9,4020,3890.05,3910.6,3910.6,402297,,,,,,,,,,,,,,,
21-11-2022,4019.949951,4019.95,3921.95,4001.85,4001.85,1492003,3923,3936,3871.05,3882.3,3882.3,204061,,,,,,,,,,,,,,,
22-11-2022,4001.850098,4056,3988,4034,4034,1705043,3884.95,4026,3883,3955.2,3955.2,504844,,,,,,,,,,,,,,,
23-11-2022,4050,4061.85,3873,3903.3,3903.3,2861156,3975,3998.6,3934.25,3954.75,3954.75,182631,,,,,,,,,,,,,,,
24-11-2022,3910,3935,3821,3921.1,3921.1,2797181,3974.35,3994.75,3951.1,3968.05,3968.05,155797,,,,,,,,,,,,,,,
25-11-2022,3929,3949.9,3845.3,3901.1,3901.1,2506346,3969,3977.05,3901,3904.45,3904.45,291850,,,,,,,,,,,,,,,
28-11-2022,3899.399902,3925,3871.4,3886.15,3886.15,1119166,3913.4,3934,3890,3907.7,3907.7,228975,,,,,,,,,,,,,,,
29-11-2022,3885,3915,3864.05,3878.4,3878.4,1513444,3907,3977.55,3898,3965.1,3965.1,344369,,,,,,,,,,,,,,,
30-11-2022,3897.800049,3939.9,3867,3917.9,3917.9,1968428,3975,4040,3955,4025.5,4025.5,604666,,,,,,,,,,,,,,,
01-12-2022,3937.5,3944.95,3902.45,3915.1,3915.1,945838,4041,4064,4032.1,4044.15,4044.15,255279,,,,,,,,,,,,,,,
02-12-2022,3905,3963.8,3885,3922.5,3922.5,1297832,4049,4055,3992.55,4005.75,4005.75,222148,,,,,,,,,,,,,,,
05-12-2022,3928.899902,3939,3810.05,3930.4,3930.4,2392866,4010,4049.95,3975,4028.15,4028.15,217716,,,,,,,,,,,,,,,
06-12-2022,3920,4057,3909,4031.8,4031.8,2962621,4018,4094,3995,4063.4,4063.4,224614,,,,,,,,,,,,,,,
07-12-2022,4031,4057.9,3984.55,3999.3,3999.3,1257261,4080,4100,4045.15,4083.15,4083.15,257217,,,,,,,,,,,,,,,
08-12-2022,4010,4045,4003.35,4025,4025,895075,4090,4090,4015.4,4037.2,4037.2,177556,,,,,,,,,,,,,,,
09-12-2022,4044,4094,3941.5,3996.8,3996.8,2129800,4054.9,4057.75,3983.4,4002.4,4002.4,265654,,,,,,,,,,,,,,,
12-12-2022,3997,4031.9,3968.75,4016.7,4016.7,802499,3980,4074,3948,4057.35,4057.35,242444,,,,,,,,,,,,,,,
13-12-2022,4027.800049,4072,4011.6,4060.2,4060.2,1215308,4060,4120,4060,4108.95,4108.95,275766,,,,,,,,,,,,,,,
14-12-2022,4076,4092.05,4040,4055.8,4055.8,1114492,4089.1,4209.85,4089.1,4201.1,4201.1,545140,,,,,,,,,,,,,,,
15-12-2022,4055.800049,4073.05,4025,4043.75,4043.75,866138,4209,4228.95,4151,4182,4182,312108,,,,,,,,,,,,,,,
16-12-2022,4018.899902,4047.9,3944.05,3980.8,3980.8,1598960,4140.65,4150.5,3956,3990,3990,380722,,,,,,,,,,,,,,,
19-12-2022,3988,4104,3971.45,4075.3,4075.3,1643404,4020,4099.9,4000,4090.2,4090.2,300724,,,,,,,,,,,,,,,
20-12-2022,4095,4172,4066.4,4165.3,4165.3,3778426,4088,4138.6,4052.15,4089.55,4089.55,217791,,,,,,,,,,,,,,,
21-12-2022,4175,4190,3883.25,3901.95,3901.95,3585883,4094,4109.95,3975.15,3993.2,3993.2,252192,,,,,,,,,,,,,,,
22-12-2022,3948,3948,3817.05,3868.55,3868.55,2879658,4008,4029,3905.5,3921.55,3921.55,283003,,,,,,,,,,,,,,,
23-12-2022,3822,3848,3616.8,3642.2,3642.2,3036157,3896.55,3911.75,3835,3875.6,3875.6,255257,,,,,,,,,,,,,,,
26-12-2022,3653,3744.9,3620,3716.75,3716.75,2162662,3896,4049,3871,4036.6,4036.6,205540,,,,,,,,,,,,,,,
27-12-2022,3732.449951,3797.9,3695.05,3769.65,3769.65,1804911,4060,4094,4005,4074.6,4074.6,168072,,,,,,,,,,,,,,,
28-12-2022,3756.050049,3825,3745,3797.7,3797.7,1377950,4077.95,4077.95,4007.4,4017.75,4017.75,130503,,,,,,,,,,,,,,,
29-12-2022,3790,3825,3748.1,3810.6,3810.6,1531692,4003.15,4207.95,3971.8,4178.3,4178.3,475188,,,,,,,,,,,,,,,
30-12-2022,3829.699951,3898,3822.05,3858.35,3858.35,1528747,4178,4195,4025.15,4068.75,4068.75,387431,,,,,,,,,,,,,,,
02-01-2023,3870,3874,3822.55,3841.2,3841.2,923051,4075,4117.95,4055,4072.75,4072.75,119118,,,,,,,,,,,,,,,
03-01-2023,3841.899902,3852.85,3791,3830.95,3830.95,799905,4072.75,4099,4044,4060.9,4060.9,114013,,,,,,,,,,,,,,,
04-01-2023,3839,3874.95,3803.6,3827.05,3827.05,1028377,4049.95,4049.95,3916,3924.2,3924.2,740436,,,,,,,,,,,,,,,
05-01-2023,3827.050049,3842.4,3756.9,3829.8,3829.8,997006,3955,3964,3845.5,3857.8,3857.8,483903,,,,,,,,,,,,,,,
06-01-2023,3829,3868.25,3797.05,3824.25,3824.25,912159,3870,3930,3835,3842.5,3842.5,345746,,,,,,,,,,,,,,,
09-01-2023,3843,3880,3811.25,3855.3,3855.3,753981,3905.8,3915,3855.55,3879.55,3879.55,280205,,,,,,,,,,,,,,,
10-01-2023,3859,3862.05,3555,3646.9,3646.9,3595798,3898,3919.45,3861,3877.4,3877.4,357855,,,,,,,,,,,,,,,
11-01-2023,3660,3664.5,3560.1,3635.8,3635.8,2226506,3896,3910,3860,3872.9,3872.9,156403,,,,,,,,,,,,,,,
12-01-2023,3642.5,3679,3612,3647.2,3647.2,1199785,3892,3925.5,3863,3911.8,3911.8,212520,,,,,,,,,,,,,,,
13-01-2023,3651.199951,3736.05,3642.2,3721.15,3721.15,1364712,3925,3929.65,3850.1,3863.7,3863.7,283280,,,,,,,,,,,,,,,
16-01-2023,3720,3739.95,3600,3619.8,3619.8,1863848,3690,3748,3645.2,3678.35,3678.35,1809273,,,,,,,,,,,,,,,
17-01-2023,3620,3649.6,3560.2,3639.35,3639.35,1668381,3681.05,3733.85,3675,3689.8,3689.8,463947,,,,,,,,,,,,,,,
18-01-2023,3648,3648,3527.1,3596.7,3596.7,3652240,3708.25,3720,3641.5,3648.6,3648.6,407988,,,,,,,,,,,,,,,
19-01-2023,3470,3537.7,3426.7,3463.55,3463.55,3696319,3647,3647.8,3560,3565.1,3565.1,583389,,,,,,,,,,,,,,,
20-01-2023,3450,3477.35,3440.95,3456.15,3456.15,1510258,3571.95,3580,3510,3513.75,3513.75,522635,,,,,,,,,,,,,,,
23-01-2023,3443.050049,3460,3412.55,3436.35,3436.35,974857,3525,3529.75,3425,3434,3434,892606,,,,,,,,,,,,,,,
24-01-2023,3447.449951,3508,3430,3442,3442,1518123,3450,3578,3441,3513.5,3513.5,768031,,,,,,,,,,,,,,,
25-01-2023,3422,3428,3315,3388.95,3388.95,3686439,3531.1,3554.5,3507.3,3515.1,3515.1,474769,,,,,,,,,,,,,,,
27-01-2023,3335,3346.5,2712,2761.45,2761.45,14764368,3532.7,3584,3518.5,3562.35,3562.35,308090,,,,,,,,,,,,,,,
30-01-2023,2850,3037.55,2665,2892.85,2892.85,20947906,3574.9,3575,3486.05,3546.3,3546.3,272767,,,,,,,,,,,,,,,
31-01-2023,2980,3073.6,2906,2973.9,2973.9,11568020,3555.05,3582.15,3492.65,3502.3,3502.3,537429,,,,,,,,,,,,,,,
01-02-2023,2995,3010.75,1941.2,2135.35,2135.35,13525314,3558,3580,3469.7,3551.35,3551.35,361698,,,,,,,,,,,,,,,
02-02-2023,2348.850098,2348.85,1494.75,1565.25,1565.25,34474080,3547,3577.8,3485,3502.9,3502.9,222692,,,,,,,,,,,,,,,
03-02-2023,1490,1679.9,1017.45,1586.8,1586.8,43885579,3517.65,3522.9,3465,3470.35,3470.35,322648,,,,,,,,,,,,,,,
06-02-2023,1575,1615,1435.2,1572.7,1572.7,19308603,3476.5,3488.4,3432,3441.5,3441.5,314363,,,,,,,,,,,,,,,
07-02-2023,1571,1962.7,1525.6,1802.95,1802.95,19188072,3471.5,3475,3438.95,3440.9,3440.9,369288,,,,,,,,,,,,,,,
08-02-2023,1869.849976,2222.15,1840.85,2164.25,2164.25,19173006,3449,3510,3446.05,3458.6,3458.6,217382,,,,,,,,,,,,,,,
09-02-2023,2168,2168,1731.4,1925.7,1925.7,18279862,3469.65,3544.15,3465.15,3482.05,3482.05,372567,,,,,,,,,,,,,,,
10-02-2023,1769,1990,1733.15,1846.95,1846.95,11334878,3499.5,3544.25,3490.6,3498.85,3498.85,393156,,,,,,,,,,,,,,,
13-02-2023,1850,1921.7,1662.25,1717.65,1717.65,12210940,3502,3510,3483,3495.2,3495.2,252484,,,,,,,,,,,,,,,
14-02-2023,1735,1889,1611.35,1749.7,1749.7,14579030,3509,3512,3472,3482.7,3482.7,496970,,,,,,,,,,,,,,,
15-02-2023,1780,1824.4,1750,1779.1,1779.1,7636578,3480,3568.65,3464.3,3545.6,3545.6,211636,,,,,,,,,,,,,,,
16-02-2023,1820,1874.95,1790,1796.6,1796.6,5578515,3546,3567.95,3535,3541.7,3541.7,315147,,,,,,,,,,,,,,,
17-02-2023,1800,1815.85,1703.2,1722.7,1722.7,5392513,3530,3567.7,3515,3545,3545,202556,,,,,,,,,,,,,,,
